section_name,x_position
L5PCtemplate[0].soma[0],0.5
L5PCtemplate[0].dend[0],0.5
L5PCtemplate[0].dend[1],0.5
L5PCtemplate[0].dend[2],0.07142857142857142
L5PCtemplate[0].dend[2],0.21428571428571427
L5PCtemplate[0].dend[2],0.35714285714285715
L5PCtemplate[0].dend[2],0.5
L5PCtemplate[0].dend[2],0.6428571428571429
L5PCtemplate[0].dend[2],0.7857142857142857
L5PCtemplate[0].dend[2],0.9285714285714286
L5PCtemplate[0].dend[3],0.5
L5PCtemplate[0].dend[4],0.1
L5PCtemplate[0].dend[4],0.3
L5PCtemplate[0].dend[4],0.5
L5PCtemplate[0].dend[4],0.7
L5PCtemplate[0].dend[4],0.9
L5PCtemplate[0].dend[5],0.05555555555555555
L5PCtemplate[0].dend[5],0.16666666666666666
L5PCtemplate[0].dend[5],0.2777777777777778
L5PCtemplate[0].dend[5],0.3888888888888889
L5PCtemplate[0].dend[5],0.5
L5PCtemplate[0].dend[5],0.6111111111111112
L5PCtemplate[0].dend[5],0.7222222222222222
L5PCtemplate[0].dend[5],0.8333333333333334
L5PCtemplate[0].dend[5],0.9444444444444444
L5PCtemplate[0].dend[6],0.07142857142857142
L5PCtemplate[0].dend[6],0.21428571428571427
L5PCtemplate[0].dend[6],0.35714285714285715
L5PCtemplate[0].dend[6],0.5
L5PCtemplate[0].dend[6],0.6428571428571429
L5PCtemplate[0].dend[6],0.7857142857142857
L5PCtemplate[0].dend[6],0.9285714285714286
L5PCtemplate[0].dend[7],0.5
L5PCtemplate[0].dend[8],0.5
L5PCtemplate[0].dend[9],0.5
L5PCtemplate[0].dend[10],0.16666666666666666
L5PCtemplate[0].dend[10],0.5
L5PCtemplate[0].dend[10],0.8333333333333334
L5PCtemplate[0].dend[11],0.5
L5PCtemplate[0].dend[12],0.5
L5PCtemplate[0].dend[13],0.07142857142857142
L5PCtemplate[0].dend[13],0.21428571428571427
L5PCtemplate[0].dend[13],0.35714285714285715
L5PCtemplate[0].dend[13],0.5
L5PCtemplate[0].dend[13],0.6428571428571429
L5PCtemplate[0].dend[13],0.7857142857142857
L5PCtemplate[0].dend[13],0.9285714285714286
L5PCtemplate[0].dend[14],0.07142857142857142
L5PCtemplate[0].dend[14],0.21428571428571427
L5PCtemplate[0].dend[14],0.35714285714285715
L5PCtemplate[0].dend[14],0.5
L5PCtemplate[0].dend[14],0.6428571428571429
L5PCtemplate[0].dend[14],0.7857142857142857
L5PCtemplate[0].dend[14],0.9285714285714286
L5PCtemplate[0].dend[15],0.16666666666666666
L5PCtemplate[0].dend[15],0.5
L5PCtemplate[0].dend[15],0.8333333333333334
L5PCtemplate[0].dend[16],0.5
L5PCtemplate[0].dend[17],0.5
L5PCtemplate[0].dend[18],0.5
L5PCtemplate[0].dend[19],0.5
L5PCtemplate[0].dend[20],0.5
L5PCtemplate[0].dend[21],0.5
L5PCtemplate[0].dend[22],0.16666666666666666
L5PCtemplate[0].dend[22],0.5
L5PCtemplate[0].dend[22],0.8333333333333334
L5PCtemplate[0].dend[23],0.5
L5PCtemplate[0].dend[24],0.5
L5PCtemplate[0].dend[25],0.5
L5PCtemplate[0].dend[26],0.5
L5PCtemplate[0].dend[27],0.16666666666666666
L5PCtemplate[0].dend[27],0.5
L5PCtemplate[0].dend[27],0.8333333333333334
L5PCtemplate[0].dend[28],0.05555555555555555
L5PCtemplate[0].dend[28],0.16666666666666666
L5PCtemplate[0].dend[28],0.2777777777777778
L5PCtemplate[0].dend[28],0.3888888888888889
L5PCtemplate[0].dend[28],0.5
L5PCtemplate[0].dend[28],0.6111111111111112
L5PCtemplate[0].dend[28],0.7222222222222222
L5PCtemplate[0].dend[28],0.8333333333333334
L5PCtemplate[0].dend[28],0.9444444444444444
L5PCtemplate[0].dend[29],0.5
L5PCtemplate[0].dend[30],0.5
L5PCtemplate[0].dend[31],0.1
L5PCtemplate[0].dend[31],0.3
L5PCtemplate[0].dend[31],0.5
L5PCtemplate[0].dend[31],0.7
L5PCtemplate[0].dend[31],0.9
L5PCtemplate[0].dend[32],0.1
L5PCtemplate[0].dend[32],0.3
L5PCtemplate[0].dend[32],0.5
L5PCtemplate[0].dend[32],0.7
L5PCtemplate[0].dend[32],0.9
L5PCtemplate[0].dend[33],0.1
L5PCtemplate[0].dend[33],0.3
L5PCtemplate[0].dend[33],0.5
L5PCtemplate[0].dend[33],0.7
L5PCtemplate[0].dend[33],0.9
L5PCtemplate[0].dend[34],0.5
L5PCtemplate[0].dend[35],0.07142857142857142
L5PCtemplate[0].dend[35],0.21428571428571427
L5PCtemplate[0].dend[35],0.35714285714285715
L5PCtemplate[0].dend[35],0.5
L5PCtemplate[0].dend[35],0.6428571428571429
L5PCtemplate[0].dend[35],0.7857142857142857
L5PCtemplate[0].dend[35],0.9285714285714286
L5PCtemplate[0].dend[36],0.16666666666666666
L5PCtemplate[0].dend[36],0.5
L5PCtemplate[0].dend[36],0.8333333333333334
L5PCtemplate[0].dend[37],0.16666666666666666
L5PCtemplate[0].dend[37],0.5
L5PCtemplate[0].dend[37],0.8333333333333334
L5PCtemplate[0].dend[38],0.16666666666666666
L5PCtemplate[0].dend[38],0.5
L5PCtemplate[0].dend[38],0.8333333333333334
L5PCtemplate[0].dend[39],0.1
L5PCtemplate[0].dend[39],0.3
L5PCtemplate[0].dend[39],0.5
L5PCtemplate[0].dend[39],0.7
L5PCtemplate[0].dend[39],0.9
L5PCtemplate[0].dend[40],0.1
L5PCtemplate[0].dend[40],0.3
L5PCtemplate[0].dend[40],0.5
L5PCtemplate[0].dend[40],0.7
L5PCtemplate[0].dend[40],0.9
L5PCtemplate[0].dend[41],0.5
L5PCtemplate[0].dend[42],0.5
L5PCtemplate[0].dend[43],0.5
L5PCtemplate[0].dend[44],0.1
L5PCtemplate[0].dend[44],0.3
L5PCtemplate[0].dend[44],0.5
L5PCtemplate[0].dend[44],0.7
L5PCtemplate[0].dend[44],0.9
L5PCtemplate[0].dend[45],0.07142857142857142
L5PCtemplate[0].dend[45],0.21428571428571427
L5PCtemplate[0].dend[45],0.35714285714285715
L5PCtemplate[0].dend[45],0.5
L5PCtemplate[0].dend[45],0.6428571428571429
L5PCtemplate[0].dend[45],0.7857142857142857
L5PCtemplate[0].dend[45],0.9285714285714286
L5PCtemplate[0].dend[46],0.5
L5PCtemplate[0].dend[47],0.5
L5PCtemplate[0].dend[48],0.16666666666666666
L5PCtemplate[0].dend[48],0.5
L5PCtemplate[0].dend[48],0.8333333333333334
L5PCtemplate[0].dend[49],0.5
L5PCtemplate[0].dend[50],0.5
L5PCtemplate[0].dend[51],0.16666666666666666
L5PCtemplate[0].dend[51],0.5
L5PCtemplate[0].dend[51],0.8333333333333334
L5PCtemplate[0].dend[52],0.5
L5PCtemplate[0].dend[53],0.5
L5PCtemplate[0].dend[54],0.1
L5PCtemplate[0].dend[54],0.3
L5PCtemplate[0].dend[54],0.5
L5PCtemplate[0].dend[54],0.7
L5PCtemplate[0].dend[54],0.9
L5PCtemplate[0].dend[55],0.5
L5PCtemplate[0].dend[56],0.16666666666666666
L5PCtemplate[0].dend[56],0.5
L5PCtemplate[0].dend[56],0.8333333333333334
L5PCtemplate[0].dend[57],0.5
L5PCtemplate[0].dend[58],0.07142857142857142
L5PCtemplate[0].dend[58],0.21428571428571427
L5PCtemplate[0].dend[58],0.35714285714285715
L5PCtemplate[0].dend[58],0.5
L5PCtemplate[0].dend[58],0.6428571428571429
L5PCtemplate[0].dend[58],0.7857142857142857
L5PCtemplate[0].dend[58],0.9285714285714286
L5PCtemplate[0].dend[59],0.07142857142857142
L5PCtemplate[0].dend[59],0.21428571428571427
L5PCtemplate[0].dend[59],0.35714285714285715
L5PCtemplate[0].dend[59],0.5
L5PCtemplate[0].dend[59],0.6428571428571429
L5PCtemplate[0].dend[59],0.7857142857142857
L5PCtemplate[0].dend[59],0.9285714285714286
L5PCtemplate[0].dend[60],0.1
L5PCtemplate[0].dend[60],0.3
L5PCtemplate[0].dend[60],0.5
L5PCtemplate[0].dend[60],0.7
L5PCtemplate[0].dend[60],0.9
L5PCtemplate[0].dend[61],0.1
L5PCtemplate[0].dend[61],0.3
L5PCtemplate[0].dend[61],0.5
L5PCtemplate[0].dend[61],0.7
L5PCtemplate[0].dend[61],0.9
L5PCtemplate[0].dend[62],0.1
L5PCtemplate[0].dend[62],0.3
L5PCtemplate[0].dend[62],0.5
L5PCtemplate[0].dend[62],0.7
L5PCtemplate[0].dend[62],0.9
L5PCtemplate[0].dend[63],0.5
L5PCtemplate[0].dend[64],0.5
L5PCtemplate[0].dend[65],0.5
L5PCtemplate[0].dend[66],0.07142857142857142
L5PCtemplate[0].dend[66],0.21428571428571427
L5PCtemplate[0].dend[66],0.35714285714285715
L5PCtemplate[0].dend[66],0.5
L5PCtemplate[0].dend[66],0.6428571428571429
L5PCtemplate[0].dend[66],0.7857142857142857
L5PCtemplate[0].dend[66],0.9285714285714286
L5PCtemplate[0].dend[67],0.1
L5PCtemplate[0].dend[67],0.3
L5PCtemplate[0].dend[67],0.5
L5PCtemplate[0].dend[67],0.7
L5PCtemplate[0].dend[67],0.9
L5PCtemplate[0].dend[68],0.16666666666666666
L5PCtemplate[0].dend[68],0.5
L5PCtemplate[0].dend[68],0.8333333333333334
L5PCtemplate[0].dend[69],0.1
L5PCtemplate[0].dend[69],0.3
L5PCtemplate[0].dend[69],0.5
L5PCtemplate[0].dend[69],0.7
L5PCtemplate[0].dend[69],0.9
L5PCtemplate[0].dend[70],0.05555555555555555
L5PCtemplate[0].dend[70],0.16666666666666666
L5PCtemplate[0].dend[70],0.2777777777777778
L5PCtemplate[0].dend[70],0.3888888888888889
L5PCtemplate[0].dend[70],0.5
L5PCtemplate[0].dend[70],0.6111111111111112
L5PCtemplate[0].dend[70],0.7222222222222222
L5PCtemplate[0].dend[70],0.8333333333333334
L5PCtemplate[0].dend[70],0.9444444444444444
L5PCtemplate[0].dend[71],0.5
L5PCtemplate[0].dend[72],0.05555555555555555
L5PCtemplate[0].dend[72],0.16666666666666666
L5PCtemplate[0].dend[72],0.2777777777777778
L5PCtemplate[0].dend[72],0.3888888888888889
L5PCtemplate[0].dend[72],0.5
L5PCtemplate[0].dend[72],0.6111111111111112
L5PCtemplate[0].dend[72],0.7222222222222222
L5PCtemplate[0].dend[72],0.8333333333333334
L5PCtemplate[0].dend[72],0.9444444444444444
L5PCtemplate[0].dend[73],0.5
L5PCtemplate[0].dend[74],0.1
L5PCtemplate[0].dend[74],0.3
L5PCtemplate[0].dend[74],0.5
L5PCtemplate[0].dend[74],0.7
L5PCtemplate[0].dend[74],0.9
L5PCtemplate[0].dend[75],0.5
L5PCtemplate[0].dend[76],0.16666666666666666
L5PCtemplate[0].dend[76],0.5
L5PCtemplate[0].dend[76],0.8333333333333334
L5PCtemplate[0].dend[77],0.16666666666666666
L5PCtemplate[0].dend[77],0.5
L5PCtemplate[0].dend[77],0.8333333333333334
L5PCtemplate[0].dend[78],0.16666666666666666
L5PCtemplate[0].dend[78],0.5
L5PCtemplate[0].dend[78],0.8333333333333334
L5PCtemplate[0].dend[79],0.5
L5PCtemplate[0].dend[80],0.16666666666666666
L5PCtemplate[0].dend[80],0.5
L5PCtemplate[0].dend[80],0.8333333333333334
L5PCtemplate[0].dend[81],0.5
L5PCtemplate[0].dend[82],0.07142857142857142
L5PCtemplate[0].dend[82],0.21428571428571427
L5PCtemplate[0].dend[82],0.35714285714285715
L5PCtemplate[0].dend[82],0.5
L5PCtemplate[0].dend[82],0.6428571428571429
L5PCtemplate[0].dend[82],0.7857142857142857
L5PCtemplate[0].dend[82],0.9285714285714286
L5PCtemplate[0].dend[83],0.5
L5PCtemplate[0].apic[0],0.16666666666666666
L5PCtemplate[0].apic[0],0.5
L5PCtemplate[0].apic[0],0.8333333333333334
L5PCtemplate[0].apic[1],0.16666666666666666
L5PCtemplate[0].apic[1],0.5
L5PCtemplate[0].apic[1],0.8333333333333334
L5PCtemplate[0].apic[2],0.5
L5PCtemplate[0].apic[3],0.16666666666666666
L5PCtemplate[0].apic[3],0.5
L5PCtemplate[0].apic[3],0.8333333333333334
L5PCtemplate[0].apic[4],0.5
L5PCtemplate[0].apic[5],0.5
L5PCtemplate[0].apic[6],0.5
L5PCtemplate[0].apic[7],0.5
L5PCtemplate[0].apic[8],0.16666666666666666
L5PCtemplate[0].apic[8],0.5
L5PCtemplate[0].apic[8],0.8333333333333334
L5PCtemplate[0].apic[9],0.07142857142857142
L5PCtemplate[0].apic[9],0.21428571428571427
L5PCtemplate[0].apic[9],0.35714285714285715
L5PCtemplate[0].apic[9],0.5
L5PCtemplate[0].apic[9],0.6428571428571429
L5PCtemplate[0].apic[9],0.7857142857142857
L5PCtemplate[0].apic[9],0.9285714285714286
L5PCtemplate[0].apic[10],0.1
L5PCtemplate[0].apic[10],0.3
L5PCtemplate[0].apic[10],0.5
L5PCtemplate[0].apic[10],0.7
L5PCtemplate[0].apic[10],0.9
L5PCtemplate[0].apic[11],0.5
L5PCtemplate[0].apic[12],0.1
L5PCtemplate[0].apic[12],0.3
L5PCtemplate[0].apic[12],0.5
L5PCtemplate[0].apic[12],0.7
L5PCtemplate[0].apic[12],0.9
L5PCtemplate[0].apic[13],0.07142857142857142
L5PCtemplate[0].apic[13],0.21428571428571427
L5PCtemplate[0].apic[13],0.35714285714285715
L5PCtemplate[0].apic[13],0.5
L5PCtemplate[0].apic[13],0.6428571428571429
L5PCtemplate[0].apic[13],0.7857142857142857
L5PCtemplate[0].apic[13],0.9285714285714286
L5PCtemplate[0].apic[14],0.16666666666666666
L5PCtemplate[0].apic[14],0.5
L5PCtemplate[0].apic[14],0.8333333333333334
L5PCtemplate[0].apic[15],0.5
L5PCtemplate[0].apic[16],0.5
L5PCtemplate[0].apic[17],0.05555555555555555
L5PCtemplate[0].apic[17],0.16666666666666666
L5PCtemplate[0].apic[17],0.2777777777777778
L5PCtemplate[0].apic[17],0.3888888888888889
L5PCtemplate[0].apic[17],0.5
L5PCtemplate[0].apic[17],0.6111111111111112
L5PCtemplate[0].apic[17],0.7222222222222222
L5PCtemplate[0].apic[17],0.8333333333333334
L5PCtemplate[0].apic[17],0.9444444444444444
L5PCtemplate[0].apic[18],0.1
L5PCtemplate[0].apic[18],0.3
L5PCtemplate[0].apic[18],0.5
L5PCtemplate[0].apic[18],0.7
L5PCtemplate[0].apic[18],0.9
L5PCtemplate[0].apic[19],0.05555555555555555
L5PCtemplate[0].apic[19],0.16666666666666666
L5PCtemplate[0].apic[19],0.2777777777777778
L5PCtemplate[0].apic[19],0.3888888888888889
L5PCtemplate[0].apic[19],0.5
L5PCtemplate[0].apic[19],0.6111111111111112
L5PCtemplate[0].apic[19],0.7222222222222222
L5PCtemplate[0].apic[19],0.8333333333333334
L5PCtemplate[0].apic[19],0.9444444444444444
L5PCtemplate[0].apic[20],0.16666666666666666
L5PCtemplate[0].apic[20],0.5
L5PCtemplate[0].apic[20],0.8333333333333334
L5PCtemplate[0].apic[21],0.5
L5PCtemplate[0].apic[22],0.5
L5PCtemplate[0].apic[23],0.5
L5PCtemplate[0].apic[24],0.5
L5PCtemplate[0].apic[25],0.5
L5PCtemplate[0].apic[26],0.5
L5PCtemplate[0].apic[27],0.5
L5PCtemplate[0].apic[28],0.5
L5PCtemplate[0].apic[29],0.16666666666666666
L5PCtemplate[0].apic[29],0.5
L5PCtemplate[0].apic[29],0.8333333333333334
L5PCtemplate[0].apic[30],0.16666666666666666
L5PCtemplate[0].apic[30],0.5
L5PCtemplate[0].apic[30],0.8333333333333334
L5PCtemplate[0].apic[31],0.5
L5PCtemplate[0].apic[32],0.5
L5PCtemplate[0].apic[33],0.07142857142857142
L5PCtemplate[0].apic[33],0.21428571428571427
L5PCtemplate[0].apic[33],0.35714285714285715
L5PCtemplate[0].apic[33],0.5
L5PCtemplate[0].apic[33],0.6428571428571429
L5PCtemplate[0].apic[33],0.7857142857142857
L5PCtemplate[0].apic[33],0.9285714285714286
L5PCtemplate[0].apic[34],0.16666666666666666
L5PCtemplate[0].apic[34],0.5
L5PCtemplate[0].apic[34],0.8333333333333334
L5PCtemplate[0].apic[35],0.1
L5PCtemplate[0].apic[35],0.3
L5PCtemplate[0].apic[35],0.5
L5PCtemplate[0].apic[35],0.7
L5PCtemplate[0].apic[35],0.9
L5PCtemplate[0].apic[36],0.038461538461538464
L5PCtemplate[0].apic[36],0.11538461538461539
L5PCtemplate[0].apic[36],0.19230769230769232
L5PCtemplate[0].apic[36],0.2692307692307692
L5PCtemplate[0].apic[36],0.34615384615384615
L5PCtemplate[0].apic[36],0.4230769230769231
L5PCtemplate[0].apic[36],0.5
L5PCtemplate[0].apic[36],0.5769230769230769
L5PCtemplate[0].apic[36],0.6538461538461539
L5PCtemplate[0].apic[36],0.7307692307692307
L5PCtemplate[0].apic[36],0.8076923076923077
L5PCtemplate[0].apic[36],0.8846153846153846
L5PCtemplate[0].apic[36],0.9615384615384616
L5PCtemplate[0].apic[37],0.038461538461538464
L5PCtemplate[0].apic[37],0.11538461538461539
L5PCtemplate[0].apic[37],0.19230769230769232
L5PCtemplate[0].apic[37],0.2692307692307692
L5PCtemplate[0].apic[37],0.34615384615384615
L5PCtemplate[0].apic[37],0.4230769230769231
L5PCtemplate[0].apic[37],0.5
L5PCtemplate[0].apic[37],0.5769230769230769
L5PCtemplate[0].apic[37],0.6538461538461539
L5PCtemplate[0].apic[37],0.7307692307692307
L5PCtemplate[0].apic[37],0.8076923076923077
L5PCtemplate[0].apic[37],0.8846153846153846
L5PCtemplate[0].apic[37],0.9615384615384616
L5PCtemplate[0].apic[38],0.1
L5PCtemplate[0].apic[38],0.3
L5PCtemplate[0].apic[38],0.5
L5PCtemplate[0].apic[38],0.7
L5PCtemplate[0].apic[38],0.9
L5PCtemplate[0].apic[39],0.16666666666666666
L5PCtemplate[0].apic[39],0.5
L5PCtemplate[0].apic[39],0.8333333333333334
L5PCtemplate[0].apic[40],0.045454545454545456
L5PCtemplate[0].apic[40],0.13636363636363635
L5PCtemplate[0].apic[40],0.22727272727272727
L5PCtemplate[0].apic[40],0.3181818181818182
L5PCtemplate[0].apic[40],0.4090909090909091
L5PCtemplate[0].apic[40],0.5
L5PCtemplate[0].apic[40],0.5909090909090909
L5PCtemplate[0].apic[40],0.6818181818181818
L5PCtemplate[0].apic[40],0.7727272727272727
L5PCtemplate[0].apic[40],0.8636363636363636
L5PCtemplate[0].apic[40],0.9545454545454546
L5PCtemplate[0].apic[41],0.5
L5PCtemplate[0].apic[42],0.16666666666666666
L5PCtemplate[0].apic[42],0.5
L5PCtemplate[0].apic[42],0.8333333333333334
L5PCtemplate[0].apic[43],0.5
L5PCtemplate[0].apic[44],0.1
L5PCtemplate[0].apic[44],0.3
L5PCtemplate[0].apic[44],0.5
L5PCtemplate[0].apic[44],0.7
L5PCtemplate[0].apic[44],0.9
L5PCtemplate[0].apic[45],0.16666666666666666
L5PCtemplate[0].apic[45],0.5
L5PCtemplate[0].apic[45],0.8333333333333334
L5PCtemplate[0].apic[46],0.5
L5PCtemplate[0].apic[47],0.5
L5PCtemplate[0].apic[48],0.5
L5PCtemplate[0].apic[49],0.07142857142857142
L5PCtemplate[0].apic[49],0.21428571428571427
L5PCtemplate[0].apic[49],0.35714285714285715
L5PCtemplate[0].apic[49],0.5
L5PCtemplate[0].apic[49],0.6428571428571429
L5PCtemplate[0].apic[49],0.7857142857142857
L5PCtemplate[0].apic[49],0.9285714285714286
L5PCtemplate[0].apic[50],0.16666666666666666
L5PCtemplate[0].apic[50],0.5
L5PCtemplate[0].apic[50],0.8333333333333334
L5PCtemplate[0].apic[51],0.045454545454545456
L5PCtemplate[0].apic[51],0.13636363636363635
L5PCtemplate[0].apic[51],0.22727272727272727
L5PCtemplate[0].apic[51],0.3181818181818182
L5PCtemplate[0].apic[51],0.4090909090909091
L5PCtemplate[0].apic[51],0.5
L5PCtemplate[0].apic[51],0.5909090909090909
L5PCtemplate[0].apic[51],0.6818181818181818
L5PCtemplate[0].apic[51],0.7727272727272727
L5PCtemplate[0].apic[51],0.8636363636363636
L5PCtemplate[0].apic[51],0.9545454545454546
L5PCtemplate[0].apic[52],0.1
L5PCtemplate[0].apic[52],0.3
L5PCtemplate[0].apic[52],0.5
L5PCtemplate[0].apic[52],0.7
L5PCtemplate[0].apic[52],0.9
L5PCtemplate[0].apic[53],0.05555555555555555
L5PCtemplate[0].apic[53],0.16666666666666666
L5PCtemplate[0].apic[53],0.2777777777777778
L5PCtemplate[0].apic[53],0.3888888888888889
L5PCtemplate[0].apic[53],0.5
L5PCtemplate[0].apic[53],0.6111111111111112
L5PCtemplate[0].apic[53],0.7222222222222222
L5PCtemplate[0].apic[53],0.8333333333333334
L5PCtemplate[0].apic[53],0.9444444444444444
L5PCtemplate[0].apic[54],0.5
L5PCtemplate[0].apic[55],0.5
L5PCtemplate[0].apic[56],0.5
L5PCtemplate[0].apic[57],0.5
L5PCtemplate[0].apic[58],0.5
L5PCtemplate[0].apic[59],0.5
L5PCtemplate[0].apic[60],0.045454545454545456
L5PCtemplate[0].apic[60],0.13636363636363635
L5PCtemplate[0].apic[60],0.22727272727272727
L5PCtemplate[0].apic[60],0.3181818181818182
L5PCtemplate[0].apic[60],0.4090909090909091
L5PCtemplate[0].apic[60],0.5
L5PCtemplate[0].apic[60],0.5909090909090909
L5PCtemplate[0].apic[60],0.6818181818181818
L5PCtemplate[0].apic[60],0.7727272727272727
L5PCtemplate[0].apic[60],0.8636363636363636
L5PCtemplate[0].apic[60],0.9545454545454546
L5PCtemplate[0].apic[61],0.05555555555555555
L5PCtemplate[0].apic[61],0.16666666666666666
L5PCtemplate[0].apic[61],0.2777777777777778
L5PCtemplate[0].apic[61],0.3888888888888889
L5PCtemplate[0].apic[61],0.5
L5PCtemplate[0].apic[61],0.6111111111111112
L5PCtemplate[0].apic[61],0.7222222222222222
L5PCtemplate[0].apic[61],0.8333333333333334
L5PCtemplate[0].apic[61],0.9444444444444444
L5PCtemplate[0].apic[62],0.5
L5PCtemplate[0].apic[63],0.05555555555555555
L5PCtemplate[0].apic[63],0.16666666666666666
L5PCtemplate[0].apic[63],0.2777777777777778
L5PCtemplate[0].apic[63],0.3888888888888889
L5PCtemplate[0].apic[63],0.5
L5PCtemplate[0].apic[63],0.6111111111111112
L5PCtemplate[0].apic[63],0.7222222222222222
L5PCtemplate[0].apic[63],0.8333333333333334
L5PCtemplate[0].apic[63],0.9444444444444444
L5PCtemplate[0].apic[64],0.1
L5PCtemplate[0].apic[64],0.3
L5PCtemplate[0].apic[64],0.5
L5PCtemplate[0].apic[64],0.7
L5PCtemplate[0].apic[64],0.9
L5PCtemplate[0].apic[65],0.5
L5PCtemplate[0].apic[66],0.5
L5PCtemplate[0].apic[67],0.05555555555555555
L5PCtemplate[0].apic[67],0.16666666666666666
L5PCtemplate[0].apic[67],0.2777777777777778
L5PCtemplate[0].apic[67],0.3888888888888889
L5PCtemplate[0].apic[67],0.5
L5PCtemplate[0].apic[67],0.6111111111111112
L5PCtemplate[0].apic[67],0.7222222222222222
L5PCtemplate[0].apic[67],0.8333333333333334
L5PCtemplate[0].apic[67],0.9444444444444444
L5PCtemplate[0].apic[68],0.1
L5PCtemplate[0].apic[68],0.3
L5PCtemplate[0].apic[68],0.5
L5PCtemplate[0].apic[68],0.7
L5PCtemplate[0].apic[68],0.9
L5PCtemplate[0].apic[69],0.07142857142857142
L5PCtemplate[0].apic[69],0.21428571428571427
L5PCtemplate[0].apic[69],0.35714285714285715
L5PCtemplate[0].apic[69],0.5
L5PCtemplate[0].apic[69],0.6428571428571429
L5PCtemplate[0].apic[69],0.7857142857142857
L5PCtemplate[0].apic[69],0.9285714285714286
L5PCtemplate[0].apic[70],0.16666666666666666
L5PCtemplate[0].apic[70],0.5
L5PCtemplate[0].apic[70],0.8333333333333334
L5PCtemplate[0].apic[71],0.16666666666666666
L5PCtemplate[0].apic[71],0.5
L5PCtemplate[0].apic[71],0.8333333333333334
L5PCtemplate[0].apic[72],0.5
L5PCtemplate[0].apic[73],0.16666666666666666
L5PCtemplate[0].apic[73],0.5
L5PCtemplate[0].apic[73],0.8333333333333334
L5PCtemplate[0].apic[74],0.5
L5PCtemplate[0].apic[75],0.16666666666666666
L5PCtemplate[0].apic[75],0.5
L5PCtemplate[0].apic[75],0.8333333333333334
L5PCtemplate[0].apic[76],0.07142857142857142
L5PCtemplate[0].apic[76],0.21428571428571427
L5PCtemplate[0].apic[76],0.35714285714285715
L5PCtemplate[0].apic[76],0.5
L5PCtemplate[0].apic[76],0.6428571428571429
L5PCtemplate[0].apic[76],0.7857142857142857
L5PCtemplate[0].apic[76],0.9285714285714286
L5PCtemplate[0].apic[77],0.07142857142857142
L5PCtemplate[0].apic[77],0.21428571428571427
L5PCtemplate[0].apic[77],0.35714285714285715
L5PCtemplate[0].apic[77],0.5
L5PCtemplate[0].apic[77],0.6428571428571429
L5PCtemplate[0].apic[77],0.7857142857142857
L5PCtemplate[0].apic[77],0.9285714285714286
L5PCtemplate[0].apic[78],0.1
L5PCtemplate[0].apic[78],0.3
L5PCtemplate[0].apic[78],0.5
L5PCtemplate[0].apic[78],0.7
L5PCtemplate[0].apic[78],0.9
L5PCtemplate[0].apic[79],0.16666666666666666
L5PCtemplate[0].apic[79],0.5
L5PCtemplate[0].apic[79],0.8333333333333334
L5PCtemplate[0].apic[80],0.5
L5PCtemplate[0].apic[81],0.5
L5PCtemplate[0].apic[82],0.5
L5PCtemplate[0].apic[83],0.16666666666666666
L5PCtemplate[0].apic[83],0.5
L5PCtemplate[0].apic[83],0.8333333333333334
L5PCtemplate[0].apic[84],0.16666666666666666
L5PCtemplate[0].apic[84],0.5
L5PCtemplate[0].apic[84],0.8333333333333334
L5PCtemplate[0].apic[85],0.1
L5PCtemplate[0].apic[85],0.3
L5PCtemplate[0].apic[85],0.5
L5PCtemplate[0].apic[85],0.7
L5PCtemplate[0].apic[85],0.9
L5PCtemplate[0].apic[86],0.1
L5PCtemplate[0].apic[86],0.3
L5PCtemplate[0].apic[86],0.5
L5PCtemplate[0].apic[86],0.7
L5PCtemplate[0].apic[86],0.9
L5PCtemplate[0].apic[87],0.07142857142857142
L5PCtemplate[0].apic[87],0.21428571428571427
L5PCtemplate[0].apic[87],0.35714285714285715
L5PCtemplate[0].apic[87],0.5
L5PCtemplate[0].apic[87],0.6428571428571429
L5PCtemplate[0].apic[87],0.7857142857142857
L5PCtemplate[0].apic[87],0.9285714285714286
L5PCtemplate[0].apic[88],0.5
L5PCtemplate[0].apic[89],0.16666666666666666
L5PCtemplate[0].apic[89],0.5
L5PCtemplate[0].apic[89],0.8333333333333334
L5PCtemplate[0].apic[90],0.5
L5PCtemplate[0].apic[91],0.5
L5PCtemplate[0].apic[92],0.5
L5PCtemplate[0].apic[93],0.1
L5PCtemplate[0].apic[93],0.3
L5PCtemplate[0].apic[93],0.5
L5PCtemplate[0].apic[93],0.7
L5PCtemplate[0].apic[93],0.9
L5PCtemplate[0].apic[94],0.5
L5PCtemplate[0].apic[95],0.16666666666666666
L5PCtemplate[0].apic[95],0.5
L5PCtemplate[0].apic[95],0.8333333333333334
L5PCtemplate[0].apic[96],0.5
L5PCtemplate[0].apic[97],0.5
L5PCtemplate[0].apic[98],0.5
L5PCtemplate[0].apic[99],0.5
L5PCtemplate[0].apic[100],0.5
L5PCtemplate[0].apic[101],0.07142857142857142
L5PCtemplate[0].apic[101],0.21428571428571427
L5PCtemplate[0].apic[101],0.35714285714285715
L5PCtemplate[0].apic[101],0.5
L5PCtemplate[0].apic[101],0.6428571428571429
L5PCtemplate[0].apic[101],0.7857142857142857
L5PCtemplate[0].apic[101],0.9285714285714286
L5PCtemplate[0].apic[102],0.05555555555555555
L5PCtemplate[0].apic[102],0.16666666666666666
L5PCtemplate[0].apic[102],0.2777777777777778
L5PCtemplate[0].apic[102],0.3888888888888889
L5PCtemplate[0].apic[102],0.5
L5PCtemplate[0].apic[102],0.6111111111111112
L5PCtemplate[0].apic[102],0.7222222222222222
L5PCtemplate[0].apic[102],0.8333333333333334
L5PCtemplate[0].apic[102],0.9444444444444444
L5PCtemplate[0].apic[103],0.1
L5PCtemplate[0].apic[103],0.3
L5PCtemplate[0].apic[103],0.5
L5PCtemplate[0].apic[103],0.7
L5PCtemplate[0].apic[103],0.9
L5PCtemplate[0].apic[104],0.5
L5PCtemplate[0].apic[105],0.1
L5PCtemplate[0].apic[105],0.3
L5PCtemplate[0].apic[105],0.5
L5PCtemplate[0].apic[105],0.7
L5PCtemplate[0].apic[105],0.9
L5PCtemplate[0].apic[106],0.5
L5PCtemplate[0].apic[107],0.5
L5PCtemplate[0].apic[108],0.5
